resid,sasa,file,one_letter
ALA,171.23,1QFT_modified.asa,A
ARG,308.42,3QOO_modified.asa,R
ASN,218.65,5UE1_modified.asa,N
ASP,237.12,4Q29_modified.asa,D
CYS,193.53,5W8Q_modified.asa,C
GLN,244.52,4MCO_modified.asa,Q
GLU,286.05,1DQG_modified.asa,E
GLY,145.08,6Q00_modified.asa,G
HIS,249.89,2J23_modified.asa,H
ILE,234.66,7S3W_modified.asa,I
LEU,246.12,3FRR_modified.asa,L
LYS,263.62,5EWY_modified.asa,K
MET,254.54,3QRL_modified.asa,M
PHE,270.19,7CSH_modified.asa,F
PRO,195.47,5X5V_modified.asa,P
SER,179,7C5Z_modified.asa,S
THR,197.86,2OIT_modified.asa,T
TRP,310.7,3DJL_modified.asa,W
TYR,298.47,3RPE_modified.asa,Y
VAL,213.98,6OMP_modified.asa,V
